name,email,phone_number,country,city,description,tasker_since_date,tasker_type
Tamera Kittredge,tkittredge0@irs.gov,215-221-4721,China,Yanping,"Hi, I'm abc. My job is xyz. I am professional in xyz and have more than n years of exp. Nice to meet ya!",2024-08-17 15:45:30,Supplier
Willa Angerstein,wangerstein1@japanpost.jp,850-671-5620,China,Shen’ao,"Hi, I'm abc. My job is xyz. I am professional in xyz and have more than n years of exp. Nice to meet ya!",2022-10-23 22:26:11,Tradesperson
Burnaby Cornillot,bcornillot2@typepad.com,258-872-1288,China,Shuanglu,"Hi, I'm abc. My job is xyz. I am professional in xyz and have more than n years of exp. Nice to meet ya!",2023-09-22 17:09:10,Supplier
Janeva Fulk,jfulk3@slate.com,625-695-2347,Indonesia,Tlatah,"Hi, I'm abc. My job is xyz. I am professional in xyz and have more than n years of exp. Nice to meet ya!",2024-03-10 04:12:56,Supplier
Cornie Dungee,cdungee4@cam.ac.uk,261-635-3637,Indonesia,Krebetkrajan,"Hi, I'm abc. My job is xyz. I am professional in xyz and have more than n years of exp. Nice to meet ya!",2024-08-16 15:26:12,Supplier
Rodrique Ziemens,rziemens5@newsvine.com,746-312-4980,Philippines,Tigaon,"Hi, I'm abc. My job is xyz. I am professional in xyz and have more than n years of exp. Nice to meet ya!",2023-07-27 05:17:35,Supplier
Donaugh Steptowe,dsteptowe6@loc.gov,608-246-2477,China,Shiye,"Hi, I'm abc. My job is xyz. I am professional in xyz and have more than n years of exp. Nice to meet ya!",2023-03-25 15:49:39,Supplier
Edgard Sinkin,esinkin7@salon.com,362-832-8219,China,Yongfeng,"Hi, I'm abc. My job is xyz. I am professional in xyz and have more than n years of exp. Nice to meet ya!",2024-07-16 10:46:29,Supplier
Maribeth Fraulo,mfraulo8@vk.com,367-430-8075,Indonesia,Tembayangan Barat,"Hi, I'm abc. My job is xyz. I am professional in xyz and have more than n years of exp. Nice to meet ya!",2022-11-06 02:44:52,Supplier
Nydia McKeurton,nmckeurton9@senate.gov,659-275-3598,Indonesia,Maredakamau,"Hi, I'm abc. My job is xyz. I am professional in xyz and have more than n years of exp. Nice to meet ya!",2023-08-27 20:41:51,Supplier
Tory Basnett,tbasnetta@uiuc.edu,492-765-5794,Indonesia,Rembes,"Hi, I'm abc. My job is xyz. I am professional in xyz and have more than n years of exp. Nice to meet ya!",2023-01-04 01:12:11,Supplier
Ali Ive,aiveb@oaic.gov.au,583-369-3673,China,Tianxin,"Hi, I'm abc. My job is xyz. I am professional in xyz and have more than n years of exp. Nice to meet ya!",2023-08-07 16:34:58,Supplier
Gwen Keighley,gkeighleyc@example.com,768-356-7739,China,Suicheng,"Hi, I'm abc. My job is xyz. I am professional in xyz and have more than n years of exp. Nice to meet ya!",2024-02-27 04:31:48,Supplier
Hildegarde Pinner,hpinnerd@baidu.com,777-538-0072,Indonesia,Telaga,"Hi, I'm abc. My job is xyz. I am professional in xyz and have more than n years of exp. Nice to meet ya!",2023-09-05 21:08:07,Supplier
Rhodie Dutton,rduttone@sun.com,542-688-7397,Indonesia,Kotingnatagete,"Hi, I'm abc. My job is xyz. I am professional in xyz and have more than n years of exp. Nice to meet ya!",2024-05-30 21:13:33,Tradesperson
Binni Whelpdale,bwhelpdalef@csmonitor.com,373-238-5878,China,Changshengqiao,"Hi, I'm abc. My job is xyz. I am professional in xyz and have more than n years of exp. Nice to meet ya!",2024-06-06 11:23:19,Tradesperson
Cobb Pere,cpereg@wsj.com,104-555-6593,China,Xiashu,"Hi, I'm abc. My job is xyz. I am professional in xyz and have more than n years of exp. Nice to meet ya!",2024-01-24 04:39:29,Tradesperson
Sollie Blankhorn,sblankhornh@google.it,740-255-4772,Indonesia,Krajan Kulon,"Hi, I'm abc. My job is xyz. I am professional in xyz and have more than n years of exp. Nice to meet ya!",2024-01-08 09:51:56,Tradesperson
Clarita Haysar,chaysari@t-online.de,566-884-7585,China,Datian,"Hi, I'm abc. My job is xyz. I am professional in xyz and have more than n years of exp. Nice to meet ya!",2022-10-02 19:47:04,Tradesperson
Shem Barreau,sbarreauj@washingtonpost.com,817-836-6414,Indonesia,Manado,"Hi, I'm abc. My job is xyz. I am professional in xyz and have more than n years of exp. Nice to meet ya!",2022-11-03 07:11:02,Tradesperson
Florance Brien,fbrienk@cargocollective.com,576-227-5941,Philippines,President Roxas,"Hi, I'm abc. My job is xyz. I am professional in xyz and have more than n years of exp. Nice to meet ya!",2023-05-11 12:23:08,Tradesperson
Gennifer Starbeck,gstarbeckl@mozilla.com,277-996-2434,China,Fusheng,"Hi, I'm abc. My job is xyz. I am professional in xyz and have more than n years of exp. Nice to meet ya!",2024-01-27 19:04:39,Tradesperson
Larina Leban,llebanm@wikipedia.org,726-222-1898,China,Hebian,"Hi, I'm abc. My job is xyz. I am professional in xyz and have more than n years of exp. Nice to meet ya!",2023-09-28 02:23:10,Tradesperson
Dulcie Van Der Weedenburg,dvann@imdb.com,326-490-3146,Philippines,New Pandanon,"Hi, I'm abc. My job is xyz. I am professional in xyz and have more than n years of exp. Nice to meet ya!",2024-01-09 07:36:21,Tradesperson
Torrie Arnot,tarnoto@youku.com,377-484-6128,Indonesia,Pakemitan,"Hi, I'm abc. My job is xyz. I am professional in xyz and have more than n years of exp. Nice to meet ya!",2023-09-14 08:04:50,Tradesperson
Ursola Scotchmor,uscotchmorp@goodreads.com,572-390-8277,China,Yuxi,"Hi, I'm abc. My job is xyz. I am professional in xyz and have more than n years of exp. Nice to meet ya!",2023-10-01 07:42:44,Tradesperson
Ronni Housego,rhousegoq@ezinearticles.com,216-195-0309,China,Sanxing,"Hi, I'm abc. My job is xyz. I am professional in xyz and have more than n years of exp. Nice to meet ya!",2023-06-20 21:31:58,Tradesperson
Dareen Lant,dlantr@whitehouse.gov,663-735-1275,Philippines,Biga,"Hi, I'm abc. My job is xyz. I am professional in xyz and have more than n years of exp. Nice to meet ya!",2024-05-17 08:34:39,Tradesperson
Raven Greatrakes,rgreatrakess@google.nl,689-828-1300,China,Sangongqiao,"Hi, I'm abc. My job is xyz. I am professional in xyz and have more than n years of exp. Nice to meet ya!",2024-08-13 18:24:45,Tradesperson
Ginnifer Davidoff,gdavidofft@bloglovin.com,235-831-6412,China,Jinjiang,"Hi, I'm abc. My job is xyz. I am professional in xyz and have more than n years of exp. Nice to meet ya!",2022-12-21 00:44:33,Tradesperson
Heidi O'Hengerty,hohengertyu@unblog.fr,173-940-1355,China,Xiaoduchuan,"Hi, I'm abc. My job is xyz. I am professional in xyz and have more than n years of exp. Nice to meet ya!",2024-05-23 03:19:17,Tradesperson
Shaine Paraman,sparamanv@livejournal.com,192-298-5231,Indonesia,Kotabaru,"Hi, I'm abc. My job is xyz. I am professional in xyz and have more than n years of exp. Nice to meet ya!",2024-06-23 06:59:33,Tradesperson
Toma Golby,tgolbyw@google.it,638-135-1661,China,Jing’an,"Hi, I'm abc. My job is xyz. I am professional in xyz and have more than n years of exp. Nice to meet ya!",2024-08-10 13:38:55,Tradesperson
Elvyn Palliser,epalliserx@wikipedia.org,538-784-0606,China,Qiujima,"Hi, I'm abc. My job is xyz. I am professional in xyz and have more than n years of exp. Nice to meet ya!",2023-07-28 20:26:08,Tradesperson
Beverlie MacConnell,bmacconnelly@liveinternet.ru,322-607-5641,China,Suocheng,"Hi, I'm abc. My job is xyz. I am professional in xyz and have more than n years of exp. Nice to meet ya!",2023-02-23 15:07:12,Tradesperson
Sauveur Seivwright,sseivwrightz@instagram.com,378-606-7051,Philippines,Bontoc,"Hi, I'm abc. My job is xyz. I am professional in xyz and have more than n years of exp. Nice to meet ya!",2023-11-09 19:21:18,Tradesperson
Pauly Yackiminie,pyackiminie10@usgs.gov,132-110-7109,Indonesia,Pilang,"Hi, I'm abc. My job is xyz. I am professional in xyz and have more than n years of exp. Nice to meet ya!",2023-02-28 22:07:45,Tradesperson
Haskel Rudkin,hrudkin11@mtv.com,401-628-6624,China,Fenglu,"Hi, I'm abc. My job is xyz. I am professional in xyz and have more than n years of exp. Nice to meet ya!",2023-04-20 06:54:18,Tradesperson
Ronnie Percifull,rpercifull12@ow.ly,964-521-8885,China,Hongqi,"Hi, I'm abc. My job is xyz. I am professional in xyz and have more than n years of exp. Nice to meet ya!",2023-03-25 13:20:54,Tradesperson
Celestine Moroney,cmoroney13@dropbox.com,844-230-9531,Indonesia,Lokatadho,"Hi, I'm abc. My job is xyz. I am professional in xyz and have more than n years of exp. Nice to meet ya!",2024-06-07 14:50:08,Tradesperson
Ardath McAirt,amcairt14@ucoz.ru,355-699-3606,China,Jiuxian,"Hi, I'm abc. My job is xyz. I am professional in xyz and have more than n years of exp. Nice to meet ya!",2024-03-21 14:38:03,Tradesperson
Darbie Dmitrienko,ddmitrienko15@hexun.com,917-567-7888,Indonesia,Panyingkiran,"Hi, I'm abc. My job is xyz. I am professional in xyz and have more than n years of exp. Nice to meet ya!",2023-06-08 20:36:16,Tradesperson
Ashton Hanretty,ahanretty16@opera.com,487-946-5219,Philippines,Santa Lucia,"Hi, I'm abc. My job is xyz. I am professional in xyz and have more than n years of exp. Nice to meet ya!",2023-01-01 05:43:12,Tradesperson
Lane Vondruska,lvondruska17@nba.com,365-123-9610,China,Gaohu,"Hi, I'm abc. My job is xyz. I am professional in xyz and have more than n years of exp. Nice to meet ya!",2023-12-07 06:11:35,Tradesperson
Vlad Conkey,vconkey18@usnews.com,175-673-2064,Philippines,Tiglauigan,"Hi, I'm abc. My job is xyz. I am professional in xyz and have more than n years of exp. Nice to meet ya!",2023-03-24 01:57:05,Tradesperson
Micheal Mackstead,mmackstead19@behance.net,541-133-9929,China,Chenggang,"Hi, I'm abc. My job is xyz. I am professional in xyz and have more than n years of exp. Nice to meet ya!",2023-03-11 03:51:02,Tradesperson
Lisette Mellenby,lmellenby1a@nytimes.com,518-763-3269,Myanmar,Bogale,"Hi, I'm abc. My job is xyz. I am professional in xyz and have more than n years of exp. Nice to meet ya!",2024-04-11 15:16:14,Tradesperson
Park Bowra,pbowra1b@intel.com,958-897-7276,China,Wenwusha,"Hi, I'm abc. My job is xyz. I am professional in xyz and have more than n years of exp. Nice to meet ya!",2024-09-24 09:34:51,Tradesperson
Janna Fowden,jfowden1c@alibaba.com,263-362-1905,Indonesia,Guyangan,"Hi, I'm abc. My job is xyz. I am professional in xyz and have more than n years of exp. Nice to meet ya!",2024-05-28 07:40:17,Tradesperson
Kelwin Cribbott,kcribbott1d@state.tx.us,607-591-0650,Indonesia,Pangatikan,"Hi, I'm abc. My job is xyz. I am professional in xyz and have more than n years of exp. Nice to meet ya!",2022-12-02 02:42:32,Tradesperson
Coretta Hardesty,chardesty1e@weather.com,504-821-5643,China,Hongjiazui,"Hi, I'm abc. My job is xyz. I am professional in xyz and have more than n years of exp. Nice to meet ya!",2024-06-10 13:14:18,Tradesperson
Pincus Fern,pfern1f@arstechnica.com,431-193-2819,Indonesia,Patalan,"Hi, I'm abc. My job is xyz. I am professional in xyz and have more than n years of exp. Nice to meet ya!",2023-09-16 03:31:01,Tradesperson
Rodney Pedrazzi,rpedrazzi1g@accuweather.com,924-113-5256,Philippines,Basicao Coastal,"Hi, I'm abc. My job is xyz. I am professional in xyz and have more than n years of exp. Nice to meet ya!",2024-04-30 22:05:35,Tradesperson
Parke Bennie,pbennie1h@arizona.edu,328-215-3561,China,Zhaxi,"Hi, I'm abc. My job is xyz. I am professional in xyz and have more than n years of exp. Nice to meet ya!",2023-08-15 16:12:47,Tradesperson
Corny Lode,clode1i@zimbio.com,919-288-5271,China,Sanmiaoqian,"Hi, I'm abc. My job is xyz. I am professional in xyz and have more than n years of exp. Nice to meet ya!",2023-03-25 11:47:26,Tradesperson
Ignacio Mowles,imowles1j@google.es,282-487-8332,China,Shijiazhuang,"Hi, I'm abc. My job is xyz. I am professional in xyz and have more than n years of exp. Nice to meet ya!",2023-10-26 16:00:08,Tradesperson
Aron Brideoke,abrideoke1k@wikimedia.org,408-492-0418,Indonesia,Sidamukti,"Hi, I'm abc. My job is xyz. I am professional in xyz and have more than n years of exp. Nice to meet ya!",2023-01-12 03:13:19,Tradesperson
Marilee Pollack,mpollack1l@myspace.com,670-445-5613,Indonesia,Tasikmalaya,"Hi, I'm abc. My job is xyz. I am professional in xyz and have more than n years of exp. Nice to meet ya!",2024-07-10 06:26:25,Tradesperson
Flossy Demead,fdemead1m@usatoday.com,211-324-1869,Indonesia,Telagaselaba,"Hi, I'm abc. My job is xyz. I am professional in xyz and have more than n years of exp. Nice to meet ya!",2023-03-06 01:50:59,Tradesperson
Manfred Strickler,mstrickler1n@microsoft.com,261-755-9577,Philippines,Sison,"Hi, I'm abc. My job is xyz. I am professional in xyz and have more than n years of exp. Nice to meet ya!",2024-03-25 13:47:54,Tradesperson
Kristoforo Mazzia,kmazzia1o@admin.ch,685-599-3104,Indonesia,Gununggoong,"Hi, I'm abc. My job is xyz. I am professional in xyz and have more than n years of exp. Nice to meet ya!",2024-04-11 14:07:57,Tradesperson
Ambros Halley,ahalley1p@jiathis.com,350-887-6411,China,Leiyang,"Hi, I'm abc. My job is xyz. I am professional in xyz and have more than n years of exp. Nice to meet ya!",2022-11-02 07:11:31,Tradesperson
Way Mourton,wmourton1q@google.pl,650-905-4826,China,Huangsha,"Hi, I'm abc. My job is xyz. I am professional in xyz and have more than n years of exp. Nice to meet ya!",2023-03-01 16:45:26,Tradesperson
Clair Cone,ccone1r@acquirethisname.com,850-561-1996,China,Suozhen,"Hi, I'm abc. My job is xyz. I am professional in xyz and have more than n years of exp. Nice to meet ya!",2023-11-11 19:29:14,Tradesperson
Lorelle Perone,lperone1s@slate.com,464-741-0639,China,Baoziba,"Hi, I'm abc. My job is xyz. I am professional in xyz and have more than n years of exp. Nice to meet ya!",2023-11-22 12:54:11,Tradesperson
Steffen Berthome,sberthome1t@fda.gov,137-228-8784,China,Kuangyuan,"Hi, I'm abc. My job is xyz. I am professional in xyz and have more than n years of exp. Nice to meet ya!",2024-02-05 21:04:57,Tradesperson
Anastasia Kornalik,akornalik1u@ezinearticles.com,216-987-2470,China,Dayuanhuizu,"Hi, I'm abc. My job is xyz. I am professional in xyz and have more than n years of exp. Nice to meet ya!",2024-06-12 18:38:08,Tradesperson
Carolee Donohue,cdonohue1v@berkeley.edu,987-961-6189,Philippines,Ocampo,"Hi, I'm abc. My job is xyz. I am professional in xyz and have more than n years of exp. Nice to meet ya!",2024-06-28 17:39:16,Tradesperson
Annabella McGriffin,amcgriffin1w@sohu.com,287-129-9512,China,Nyima,"Hi, I'm abc. My job is xyz. I am professional in xyz and have more than n years of exp. Nice to meet ya!",2024-04-08 12:31:40,Tradesperson
Rosalynd Antecki,rantecki1x@thetimes.co.uk,779-292-0397,China,Wangcheng,"Hi, I'm abc. My job is xyz. I am professional in xyz and have more than n years of exp. Nice to meet ya!",2022-10-19 19:20:11,Tradesperson
Ambrosius Gianasi,agianasi1y@dailymail.co.uk,363-366-2405,China,Hengxianhe,"Hi, I'm abc. My job is xyz. I am professional in xyz and have more than n years of exp. Nice to meet ya!",2023-12-01 09:32:14,Tradesperson
Oberon Armatidge,oarmatidge1z@arizona.edu,477-525-8161,China,Longfeng,"Hi, I'm abc. My job is xyz. I am professional in xyz and have more than n years of exp. Nice to meet ya!",2023-02-11 20:58:16,Tradesperson
Madalena Beverage,mbeverage20@bing.com,756-289-3927,Philippines,Cagwait,"Hi, I'm abc. My job is xyz. I am professional in xyz and have more than n years of exp. Nice to meet ya!",2023-12-02 17:07:38,Tradesperson
Katine Stobbs,kstobbs21@redcross.org,224-912-4311,Indonesia,Lurut,"Hi, I'm abc. My job is xyz. I am professional in xyz and have more than n years of exp. Nice to meet ya!",2024-07-22 22:36:08,Tradesperson
Edwin Caulcott,ecaulcott22@microsoft.com,322-472-9060,Philippines,Pindangan Centro,"Hi, I'm abc. My job is xyz. I am professional in xyz and have more than n years of exp. Nice to meet ya!",2023-06-22 05:05:37,Tradesperson
Con Clowney,cclowney23@imdb.com,997-357-6650,China,Hantai,"Hi, I'm abc. My job is xyz. I am professional in xyz and have more than n years of exp. Nice to meet ya!",2023-08-13 13:03:51,Tradesperson
Gaby Pennock,gpennock24@macromedia.com,771-418-9313,China,Lianhe,"Hi, I'm abc. My job is xyz. I am professional in xyz and have more than n years of exp. Nice to meet ya!",2023-03-11 09:20:57,Tradesperson
Felicity Ottiwill,fottiwill25@fc2.com,914-602-0287,Indonesia,Bendo,"Hi, I'm abc. My job is xyz. I am professional in xyz and have more than n years of exp. Nice to meet ya!",2024-07-13 08:18:00,Tradesperson
Dagny Michallat,dmichallat26@fda.gov,347-351-8789,China,Qingyang,"Hi, I'm abc. My job is xyz. I am professional in xyz and have more than n years of exp. Nice to meet ya!",2023-10-10 11:19:45,Tradesperson
Fancie Whittington,fwhittington27@eepurl.com,885-247-1047,Vietnam,Sịa,"Hi, I'm abc. My job is xyz. I am professional in xyz and have more than n years of exp. Nice to meet ya!",2023-05-20 17:53:43,Tradesperson
Linnie Weatherburn,lweatherburn28@joomla.org,439-753-5662,China,Sangzhou,"Hi, I'm abc. My job is xyz. I am professional in xyz and have more than n years of exp. Nice to meet ya!",2024-08-13 12:22:10,Tradesperson
Goldy Colledge,gcolledge29@istockphoto.com,693-990-5574,China,Daohe,"Hi, I'm abc. My job is xyz. I am professional in xyz and have more than n years of exp. Nice to meet ya!",2024-05-23 19:03:00,Tradesperson
Halie Elwill,helwill2a@slideshare.net,525-767-9390,Philippines,Lacdayan,"Hi, I'm abc. My job is xyz. I am professional in xyz and have more than n years of exp. Nice to meet ya!",2024-04-13 05:50:32,Tradesperson
Granville Spaxman,gspaxman2b@homestead.com,432-395-2220,Philippines,Pulangbato,"Hi, I'm abc. My job is xyz. I am professional in xyz and have more than n years of exp. Nice to meet ya!",2022-11-18 16:42:01,Tradesperson
Carlin Bouldstridge,cbouldstridge2c@weibo.com,382-188-6146,China,Didou,"Hi, I'm abc. My job is xyz. I am professional in xyz and have more than n years of exp. Nice to meet ya!",2022-10-27 23:21:26,Tradesperson
Windham de Cullip,wde2d@sfgate.com,323-644-2945,China,Niejiahe,"Hi, I'm abc. My job is xyz. I am professional in xyz and have more than n years of exp. Nice to meet ya!",2024-08-21 14:49:07,Tradesperson
Sula MacAne,smacane2e@bbb.org,233-605-6416,China,Jingnao,"Hi, I'm abc. My job is xyz. I am professional in xyz and have more than n years of exp. Nice to meet ya!",2023-09-23 17:17:45,Tradesperson
Tally Nise,tnise2f@barnesandnoble.com,321-460-2295,China,Huiwen,"Hi, I'm abc. My job is xyz. I am professional in xyz and have more than n years of exp. Nice to meet ya!",2022-12-07 21:40:26,Tradesperson
Agnesse Powis,apowis2g@hp.com,129-272-6205,China,Qianzhou,"Hi, I'm abc. My job is xyz. I am professional in xyz and have more than n years of exp. Nice to meet ya!",2023-07-17 14:34:57,Tradesperson
Keen Dedman,kdedman2h@mail.ru,116-951-1129,Indonesia,Oenaik,"Hi, I'm abc. My job is xyz. I am professional in xyz and have more than n years of exp. Nice to meet ya!",2024-08-02 09:19:32,Tradesperson
Ailee Byass,abyass2i@vk.com,800-160-0486,China,Dasi,"Hi, I'm abc. My job is xyz. I am professional in xyz and have more than n years of exp. Nice to meet ya!",2023-07-09 07:51:45,Tradesperson
Antin Damper,adamper2j@google.com.au,736-792-0802,Indonesia,Kadujangkung,"Hi, I'm abc. My job is xyz. I am professional in xyz and have more than n years of exp. Nice to meet ya!",2022-11-25 12:32:30,Tradesperson
Barris Stirrip,bstirrip2k@va.gov,858-142-0979,China,Yudaikelike,"Hi, I'm abc. My job is xyz. I am professional in xyz and have more than n years of exp. Nice to meet ya!",2024-08-04 21:50:53,Tradesperson
Celinda Geach,cgeach2l@latimes.com,788-744-4780,China,Xinzhuang,"Hi, I'm abc. My job is xyz. I am professional in xyz and have more than n years of exp. Nice to meet ya!",2022-12-05 15:07:41,Tradesperson
Randie Beretta,rberetta2m@zdnet.com,416-995-8555,Philippines,Sampagar,"Hi, I'm abc. My job is xyz. I am professional in xyz and have more than n years of exp. Nice to meet ya!",2023-11-05 14:49:40,Tradesperson
Ivan Lovering,ilovering2n@dmoz.org,891-597-1624,China,Gemo,"Hi, I'm abc. My job is xyz. I am professional in xyz and have more than n years of exp. Nice to meet ya!",2023-07-02 14:14:55,Tradesperson
Yul Beckerleg,ybeckerleg2o@answers.com,135-904-8818,Thailand,Mae Wang,"Hi, I'm abc. My job is xyz. I am professional in xyz and have more than n years of exp. Nice to meet ya!",2024-06-19 16:57:08,Tradesperson
Meaghan Ends,mends2p@ow.ly,362-294-9063,Myanmar,Thaton,"Hi, I'm abc. My job is xyz. I am professional in xyz and have more than n years of exp. Nice to meet ya!",2022-10-20 15:33:41,Tradesperson
Meg Adamovicz,madamovicz2q@ycombinator.com,628-583-8123,Thailand,Mae Hi,"Hi, I'm abc. My job is xyz. I am professional in xyz and have more than n years of exp. Nice to meet ya!",2022-11-24 04:23:54,Supplier
Lina Twell,ltwell2r@netvibes.com,914-419-8559,Philippines,Alcala,"Hi, I'm abc. My job is xyz. I am professional in xyz and have more than n years of exp. Nice to meet ya!",2024-02-26 11:09:34,Tradesperson
Chaddie Ramelet,cramelet2s@wix.com,634-454-9562,Thailand,Wang Chan,"Hi, I'm abc. My job is xyz. I am professional in xyz and have more than n years of exp. Nice to meet ya!",2023-06-23 13:50:25,Tradesperson
Rosco Van Halen,rvan2t@wikimedia.org,749-986-1312,China,Shahe,"Hi, I'm abc. My job is xyz. I am professional in xyz and have more than n years of exp. Nice to meet ya!",2024-01-30 05:36:07,Tradesperson
Sara Knell,sknell2u@constantcontact.com,561-941-5875,Philippines,Lilio,"Hi, I'm abc. My job is xyz. I am professional in xyz and have more than n years of exp. Nice to meet ya!",2023-11-13 07:40:22,Tradesperson
Carlye Freiberg,cfreiberg2v@mail.ru,787-735-7030,Philippines,Molave,"Hi, I'm abc. My job is xyz. I am professional in xyz and have more than n years of exp. Nice to meet ya!",2024-01-25 04:01:35,Tradesperson
Sabine Corradi,scorradi2w@ovh.net,382-190-6861,China,Liren,"Hi, I'm abc. My job is xyz. I am professional in xyz and have more than n years of exp. Nice to meet ya!",2023-11-09 17:25:47,Supplier
Arliene Kilcoyne,akilcoyne2x@wisc.edu,488-902-2266,Indonesia,Soa,"Hi, I'm abc. My job is xyz. I am professional in xyz and have more than n years of exp. Nice to meet ya!",2024-07-28 06:41:42,Supplier
Alano Stollenbeck,astollenbeck2y@theatlantic.com,519-949-7354,China,Jiulong,"Hi, I'm abc. My job is xyz. I am professional in xyz and have more than n years of exp. Nice to meet ya!",2024-04-24 06:52:33,Supplier
Judith Crotty,jcrotty2z@cocolog-nifty.com,418-326-6538,Indonesia,Nangalimang,"Hi, I'm abc. My job is xyz. I am professional in xyz and have more than n years of exp. Nice to meet ya!",2023-10-22 14:05:01,Supplier
Lise Eltone,leltone30@aol.com,753-406-8185,Indonesia,Meliau,"Hi, I'm abc. My job is xyz. I am professional in xyz and have more than n years of exp. Nice to meet ya!",2023-10-21 04:38:19,Supplier
Thorny Dickon,tdickon31@hao123.com,527-151-9016,China,Aimin,"Hi, I'm abc. My job is xyz. I am professional in xyz and have more than n years of exp. Nice to meet ya!",2024-03-12 22:11:09,Supplier
Joseph April,japril32@parallels.com,112-554-1267,Indonesia,Gandoang,"Hi, I'm abc. My job is xyz. I am professional in xyz and have more than n years of exp. Nice to meet ya!",2023-06-07 08:50:54,Supplier
Stefan Weatherhogg,sweatherhogg33@4shared.com,647-887-4444,China,Xianghu,"Hi, I'm abc. My job is xyz. I am professional in xyz and have more than n years of exp. Nice to meet ya!",2022-12-30 14:42:52,Supplier
Dur Chicotti,dchicotti34@shinystat.com,553-229-7617,Indonesia,Montongtebolak,"Hi, I'm abc. My job is xyz. I am professional in xyz and have more than n years of exp. Nice to meet ya!",2023-01-07 04:28:56,Tradesperson
Karlee Yann,kyann35@nasa.gov,331-701-0598,China,Baixiang,"Hi, I'm abc. My job is xyz. I am professional in xyz and have more than n years of exp. Nice to meet ya!",2024-07-03 12:31:43,Tradesperson
Baron Butterwick,bbutterwick36@last.fm,899-172-7061,China,Yanqi,"Hi, I'm abc. My job is xyz. I am professional in xyz and have more than n years of exp. Nice to meet ya!",2024-07-25 14:09:09,Tradesperson
Joline Ewbanke,jewbanke37@princeton.edu,841-434-4951,Indonesia,Raas,"Hi, I'm abc. My job is xyz. I am professional in xyz and have more than n years of exp. Nice to meet ya!",2023-11-24 08:34:49,Tradesperson
Friedrick Richens,frichens38@alexa.com,389-531-0386,Philippines,Matala,"Hi, I'm abc. My job is xyz. I am professional in xyz and have more than n years of exp. Nice to meet ya!",2024-08-08 11:34:36,Tradesperson
Maxy Balke,mbalke39@bandcamp.com,665-278-9394,China,Beizi,"Hi, I'm abc. My job is xyz. I am professional in xyz and have more than n years of exp. Nice to meet ya!",2023-12-11 06:28:30,Tradesperson
Vickie Winborn,vwinborn3a@spiegel.de,351-303-1951,Philippines,Maasin,"Hi, I'm abc. My job is xyz. I am professional in xyz and have more than n years of exp. Nice to meet ya!",2023-02-28 20:08:02,Tradesperson
Clementius Graine,cgraine3b@weibo.com,395-350-9927,Indonesia,Pante Raja,"Hi, I'm abc. My job is xyz. I am professional in xyz and have more than n years of exp. Nice to meet ya!",2023-01-01 07:28:59,Tradesperson
Sergei Darinton,sdarinton3c@cnn.com,819-360-9299,Australia,Strawberry Hills,"Hi, I'm abc. My job is xyz. I am professional in xyz and have more than n years of exp. Nice to meet ya!",2022-12-12 10:22:09,Tradesperson
Andria Motto,amotto3d@pagesperso-orange.fr,685-626-5455,Indonesia,Kragan,"Hi, I'm abc. My job is xyz. I am professional in xyz and have more than n years of exp. Nice to meet ya!",2023-10-31 16:17:31,Tradesperson
Claiborne Smalcombe,csmalcombe3e@bravesites.com,876-694-8844,China,Xiashihao,"Hi, I'm abc. My job is xyz. I am professional in xyz and have more than n years of exp. Nice to meet ya!",2023-02-01 12:05:06,Supplier
Bradley Snugg,bsnugg3f@free.fr,678-451-3519,China,Zhangqiang,"Hi, I'm abc. My job is xyz. I am professional in xyz and have more than n years of exp. Nice to meet ya!",2023-10-11 00:47:59,Supplier
Waneta Osgordby,wosgordby3g@fema.gov,436-469-7397,Thailand,Si Somdet,"Hi, I'm abc. My job is xyz. I am professional in xyz and have more than n years of exp. Nice to meet ya!",2023-10-09 11:04:56,Supplier
Kiley Pakenham,kpakenham3h@tuttocitta.it,822-992-1822,China,Shicang,"Hi, I'm abc. My job is xyz. I am professional in xyz and have more than n years of exp. Nice to meet ya!",2024-04-01 03:30:56,Supplier
Wilfred Sumpter,wsumpter3i@paginegialle.it,353-724-2985,China,Lanlongkou,"Hi, I'm abc. My job is xyz. I am professional in xyz and have more than n years of exp. Nice to meet ya!",2023-08-06 05:12:37,Supplier
Cyrus Bucham,cbucham3j@paginegialle.it,670-265-2726,China,Yiyang,"Hi, I'm abc. My job is xyz. I am professional in xyz and have more than n years of exp. Nice to meet ya!",2024-09-22 23:17:06,Supplier
Lazaro Binnion,lbinnion3k@sogou.com,609-304-6492,China,Haizigou,"Hi, I'm abc. My job is xyz. I am professional in xyz and have more than n years of exp. Nice to meet ya!",2023-12-19 01:58:28,Supplier
Beatrisa Draayer,bdraayer3l@squarespace.com,649-585-9010,Philippines,Patpata Segundo,"Hi, I'm abc. My job is xyz. I am professional in xyz and have more than n years of exp. Nice to meet ya!",2024-01-12 14:16:26,Supplier
Debi O'Lyhane,dolyhane3m@sitemeter.com,623-941-0231,Philippines,Buenlag,"Hi, I'm abc. My job is xyz. I am professional in xyz and have more than n years of exp. Nice to meet ya!",2024-04-05 07:43:18,Supplier
Walden Vasyunin,wvasyunin3n@sfgate.com,746-172-8301,Philippines,Guruyan,"Hi, I'm abc. My job is xyz. I am professional in xyz and have more than n years of exp. Nice to meet ya!",2023-06-06 02:49:28,Supplier
Ailina Doy,adoy3o@state.tx.us,932-657-4925,China,Taiba,"Hi, I'm abc. My job is xyz. I am professional in xyz and have more than n years of exp. Nice to meet ya!",2024-04-29 17:09:24,Supplier
Jade Derby,jderby3p@diigo.com,118-589-6652,China,Fengcheng,"Hi, I'm abc. My job is xyz. I am professional in xyz and have more than n years of exp. Nice to meet ya!",2023-11-07 14:24:00,Supplier
Aarika De Haven,ade3q@usgs.gov,635-927-7332,Indonesia,Cigeulis,"Hi, I'm abc. My job is xyz. I am professional in xyz and have more than n years of exp. Nice to meet ya!",2023-07-15 03:35:10,Tradesperson
Marcellus Calvie,mcalvie3r@google.com,637-266-1044,Philippines,Ferrol,"Hi, I'm abc. My job is xyz. I am professional in xyz and have more than n years of exp. Nice to meet ya!",2023-04-23 19:11:15,Tradesperson
Meredeth Woodington,mwoodington3s@hp.com,232-698-7220,Indonesia,Pasiragung,"Hi, I'm abc. My job is xyz. I am professional in xyz and have more than n years of exp. Nice to meet ya!",2023-11-27 00:59:17,Tradesperson
Clarinda Hunnywell,chunnywell3t@tinypic.com,909-483-3622,Philippines,Valencia,"Hi, I'm abc. My job is xyz. I am professional in xyz and have more than n years of exp. Nice to meet ya!",2023-02-20 09:58:29,Tradesperson
Antonio Kuhle,akuhle3u@archive.org,416-177-1047,China,Tiemen,"Hi, I'm abc. My job is xyz. I am professional in xyz and have more than n years of exp. Nice to meet ya!",2023-05-19 20:42:43,Tradesperson
Elsinore Lister,elister3v@berkeley.edu,221-473-9668,Indonesia,Banjar Bengkelgede,"Hi, I'm abc. My job is xyz. I am professional in xyz and have more than n years of exp. Nice to meet ya!",2023-02-04 13:53:12,Tradesperson
Maribelle Greguol,mgreguol3w@drupal.org,213-127-6387,China,Gangkou,"Hi, I'm abc. My job is xyz. I am professional in xyz and have more than n years of exp. Nice to meet ya!",2024-05-20 04:05:48,Tradesperson
Cecilla Bowfin,cbowfin3x@barnesandnoble.com,515-549-5846,Indonesia,Potlot,"Hi, I'm abc. My job is xyz. I am professional in xyz and have more than n years of exp. Nice to meet ya!",2023-09-20 10:52:19,Tradesperson
Gregoire Scates,gscates3y@joomla.org,220-992-2690,China,Yanping,"Hi, I'm abc. My job is xyz. I am professional in xyz and have more than n years of exp. Nice to meet ya!",2023-05-02 18:29:32,Tradesperson
Vlad O'Mailey,vomailey3z@aol.com,725-265-3522,China,Zhuxi Chengguanzhen,"Hi, I'm abc. My job is xyz. I am professional in xyz and have more than n years of exp. Nice to meet ya!",2024-04-18 02:47:19,Supplier
Faber Mapston,fmapston40@livejournal.com,814-137-2605,China,Honglu,"Hi, I'm abc. My job is xyz. I am professional in xyz and have more than n years of exp. Nice to meet ya!",2023-01-05 22:44:06,Tradesperson
Nicolina Stansby,nstansby41@purevolume.com,230-771-2481,China,Wuxi,"Hi, I'm abc. My job is xyz. I am professional in xyz and have more than n years of exp. Nice to meet ya!",2023-11-20 09:56:29,Supplier
Felicdad Du Hamel,fdu42@squidoo.com,458-811-1464,Indonesia,Krajanbonjor,"Hi, I'm abc. My job is xyz. I am professional in xyz and have more than n years of exp. Nice to meet ya!",2022-12-23 23:51:59,Tradesperson
Adele Struttman,astruttman43@google.com.br,609-732-4898,Indonesia,Jantake,"Hi, I'm abc. My job is xyz. I am professional in xyz and have more than n years of exp. Nice to meet ya!",2022-12-25 18:27:47,Tradesperson
Bartel Duchatel,bduchatel44@slate.com,250-183-2049,China,Xiushan,"Hi, I'm abc. My job is xyz. I am professional in xyz and have more than n years of exp. Nice to meet ya!",2023-10-07 13:50:12,Tradesperson
Dahlia Kohtler,dkohtler45@forbes.com,448-790-5819,China,Youwei,"Hi, I'm abc. My job is xyz. I am professional in xyz and have more than n years of exp. Nice to meet ya!",2023-02-07 10:43:01,Supplier
Hildegaard Vaar,hvaar46@yandex.ru,162-735-4711,China,Heping,"Hi, I'm abc. My job is xyz. I am professional in xyz and have more than n years of exp. Nice to meet ya!",2024-09-02 12:33:19,Supplier
Valencia Ivanishin,vivanishin47@arstechnica.com,455-534-2682,China,Zengtian,"Hi, I'm abc. My job is xyz. I am professional in xyz and have more than n years of exp. Nice to meet ya!",2024-07-05 12:17:17,Tradesperson
Jory Kennett,jkennett48@narod.ru,431-682-8331,China,Lingyuan,"Hi, I'm abc. My job is xyz. I am professional in xyz and have more than n years of exp. Nice to meet ya!",2023-03-18 08:25:38,Tradesperson
Vasilis Peggs,vpeggs49@multiply.com,248-634-0474,Philippines,Talalora,"Hi, I'm abc. My job is xyz. I am professional in xyz and have more than n years of exp. Nice to meet ya!",2023-12-11 10:07:03,Tradesperson
Noelle Bramwich,nbramwich4a@a8.net,368-108-6283,China,Jiulong,"Hi, I'm abc. My job is xyz. I am professional in xyz and have more than n years of exp. Nice to meet ya!",2023-01-12 04:18:17,Tradesperson
Livia Lowensohn,llowensohn4b@jigsy.com,610-559-5112,China,Hong’an,"Hi, I'm abc. My job is xyz. I am professional in xyz and have more than n years of exp. Nice to meet ya!",2024-04-07 07:40:36,Tradesperson
Gilberte O'Cosgra,gocosgra4c@clickbank.net,362-978-7907,China,Duodaoshi,"Hi, I'm abc. My job is xyz. I am professional in xyz and have more than n years of exp. Nice to meet ya!",2023-09-07 19:29:34,Tradesperson
Celestia Buddleigh,cbuddleigh4d@blogspot.com,579-808-0203,Indonesia,Cicapar,"Hi, I'm abc. My job is xyz. I am professional in xyz and have more than n years of exp. Nice to meet ya!",2023-11-25 08:52:10,Tradesperson
Brig Keable,bkeable4e@phoca.cz,741-975-3251,Indonesia,Bangkal,"Hi, I'm abc. My job is xyz. I am professional in xyz and have more than n years of exp. Nice to meet ya!",2024-09-06 06:01:33,Tradesperson
Trixie L'Homme,tlhomme4f@blogtalkradio.com,597-606-9969,China,Huacao,"Hi, I'm abc. My job is xyz. I am professional in xyz and have more than n years of exp. Nice to meet ya!",2024-04-23 08:00:11,Tradesperson
Nannette Sambeck,nsambeck4g@chicagotribune.com,800-268-2408,China,Songkeng,"Hi, I'm abc. My job is xyz. I am professional in xyz and have more than n years of exp. Nice to meet ya!",2023-09-13 00:14:55,Tradesperson
Dolf Sapir,dsapir4h@biblegateway.com,206-119-7345,Philippines,Montevista,"Hi, I'm abc. My job is xyz. I am professional in xyz and have more than n years of exp. Nice to meet ya!",2023-04-24 23:56:32,Tradesperson
Meta Bilfoot,mbilfoot4i@usa.gov,154-901-5576,China,Shuangshipu,"Hi, I'm abc. My job is xyz. I am professional in xyz and have more than n years of exp. Nice to meet ya!",2024-08-26 19:49:33,Tradesperson
Gorden Alexsandrowicz,galexsandrowicz4j@yahoo.co.jp,371-555-3760,Philippines,Aranas Sur,"Hi, I'm abc. My job is xyz. I am professional in xyz and have more than n years of exp. Nice to meet ya!",2024-05-17 07:16:10,Tradesperson
Scarface Judson,sjudson4k@huffingtonpost.com,351-200-7032,China,Jingkou,"Hi, I'm abc. My job is xyz. I am professional in xyz and have more than n years of exp. Nice to meet ya!",2023-12-19 09:18:25,Tradesperson
Beck Begent,bbegent4l@pcworld.com,410-659-7988,China,Xinhua,"Hi, I'm abc. My job is xyz. I am professional in xyz and have more than n years of exp. Nice to meet ya!",2023-01-20 16:37:01,Tradesperson
Erasmus Wyldes,ewyldes4m@google.com.au,872-602-6248,Philippines,Manicahan,"Hi, I'm abc. My job is xyz. I am professional in xyz and have more than n years of exp. Nice to meet ya!",2024-08-10 16:59:52,Tradesperson
Kissie Gilhooly,kgilhooly4n@blogtalkradio.com,419-619-1724,Philippines,Rizal,"Hi, I'm abc. My job is xyz. I am professional in xyz and have more than n years of exp. Nice to meet ya!",2023-12-19 06:57:13,Tradesperson
Garrick Milesap,gmilesap4o@seesaa.net,227-218-3321,China,Wensu,"Hi, I'm abc. My job is xyz. I am professional in xyz and have more than n years of exp. Nice to meet ya!",2023-04-07 02:04:36,Tradesperson
Trudie Langmead,tlangmead4p@omniture.com,384-144-5323,Indonesia,Cibitung,"Hi, I'm abc. My job is xyz. I am professional in xyz and have more than n years of exp. Nice to meet ya!",2023-11-22 21:21:22,Tradesperson
Maritsa Engledow,mengledow4q@cdc.gov,269-999-4277,China,Shiling,"Hi, I'm abc. My job is xyz. I am professional in xyz and have more than n years of exp. Nice to meet ya!",2024-07-27 12:17:39,Tradesperson
Peri McKirdy,pmckirdy4r@netscape.com,738-694-9946,Indonesia,Cijapar,"Hi, I'm abc. My job is xyz. I am professional in xyz and have more than n years of exp. Nice to meet ya!",2022-10-13 17:37:16,Tradesperson
Hi Shortall,hshortall4s@skyrock.com,640-205-6727,Philippines,Malangabang,"Hi, I'm abc. My job is xyz. I am professional in xyz and have more than n years of exp. Nice to meet ya!",2023-12-10 13:12:28,Tradesperson
Lola Nise,lnise4t@newsvine.com,219-923-3074,China,Junkou,"Hi, I'm abc. My job is xyz. I am professional in xyz and have more than n years of exp. Nice to meet ya!",2023-06-01 04:59:03,Tradesperson
Lucienne Sinson,lsinson4u@washington.edu,391-860-2050,China,Jianggao,"Hi, I'm abc. My job is xyz. I am professional in xyz and have more than n years of exp. Nice to meet ya!",2024-06-09 06:52:37,Tradesperson
Kenny Uccelli,kuccelli4v@ucoz.ru,206-404-8298,China,Yongchuan,"Hi, I'm abc. My job is xyz. I am professional in xyz and have more than n years of exp. Nice to meet ya!",2023-11-15 17:53:29,Tradesperson
Bill Prynne,bprynne4w@cmu.edu,277-111-8621,China,Yong’an,"Hi, I'm abc. My job is xyz. I am professional in xyz and have more than n years of exp. Nice to meet ya!",2023-07-28 14:43:14,Tradesperson
Etienne Wattisham,ewattisham4x@artisteer.com,804-622-4701,Indonesia,Modis,"Hi, I'm abc. My job is xyz. I am professional in xyz and have more than n years of exp. Nice to meet ya!",2023-05-01 13:04:24,Tradesperson
Franz Kleisle,fkleisle4y@bbc.co.uk,479-106-5057,China,Tiannan,"Hi, I'm abc. My job is xyz. I am professional in xyz and have more than n years of exp. Nice to meet ya!",2023-10-31 01:14:29,Tradesperson
Nefen Looby,nlooby4z@bluehost.com,187-622-2680,Indonesia,Konga,"Hi, I'm abc. My job is xyz. I am professional in xyz and have more than n years of exp. Nice to meet ya!",2024-03-04 23:38:16,Tradesperson
Rose Dibsdale,rdibsdale50@reuters.com,578-235-1886,Indonesia,Uluale,"Hi, I'm abc. My job is xyz. I am professional in xyz and have more than n years of exp. Nice to meet ya!",2022-11-03 02:01:22,Tradesperson
Martina Scadden,mscadden51@bloglovin.com,534-930-5984,Philippines,Rizal,"Hi, I'm abc. My job is xyz. I am professional in xyz and have more than n years of exp. Nice to meet ya!",2024-05-28 19:16:12,Tradesperson
Bree Cretney,bcretney52@si.edu,929-534-2914,China,Fuxing,"Hi, I'm abc. My job is xyz. I am professional in xyz and have more than n years of exp. Nice to meet ya!",2023-01-27 20:23:41,Tradesperson
Archibald Hughland,ahughland53@businessweek.com,936-607-4169,Indonesia,Gununglarang,"Hi, I'm abc. My job is xyz. I am professional in xyz and have more than n years of exp. Nice to meet ya!",2024-05-07 05:24:22,Tradesperson
Waylan Elven,welven54@aol.com,366-835-7522,China,Jijiang,"Hi, I'm abc. My job is xyz. I am professional in xyz and have more than n years of exp. Nice to meet ya!",2024-07-29 11:28:04,Tradesperson
Gill Wilkie,gwilkie55@ucoz.com,883-340-6238,Philippines,Boroon,"Hi, I'm abc. My job is xyz. I am professional in xyz and have more than n years of exp. Nice to meet ya!",2024-02-03 19:49:53,Tradesperson
Adriaens Arthur,aarthur56@zdnet.com,803-758-3486,China,Kuiyong,"Hi, I'm abc. My job is xyz. I am professional in xyz and have more than n years of exp. Nice to meet ya!",2024-07-09 22:57:14,Tradesperson
Simona Ruprechter,sruprechter57@posterous.com,114-187-7241,China,Yushang,"Hi, I'm abc. My job is xyz. I am professional in xyz and have more than n years of exp. Nice to meet ya!",2023-08-07 18:30:12,Tradesperson
Joe Funnell,jfunnell58@reverbnation.com,576-316-9696,China,Jinping,"Hi, I'm abc. My job is xyz. I am professional in xyz and have more than n years of exp. Nice to meet ya!",2023-02-19 10:27:10,Tradesperson
Roda Eayrs,reayrs59@seesaa.net,322-475-1499,Philippines,Limbaan,"Hi, I'm abc. My job is xyz. I am professional in xyz and have more than n years of exp. Nice to meet ya!",2023-12-03 01:59:50,Tradesperson
Micky Liveley,mliveley5a@stumbleupon.com,243-528-0544,China,Shashi,"Hi, I'm abc. My job is xyz. I am professional in xyz and have more than n years of exp. Nice to meet ya!",2024-08-16 15:50:38,Tradesperson
Bea Yaxley,byaxley5b@hatena.ne.jp,590-480-9278,Indonesia,Pandaan,"Hi, I'm abc. My job is xyz. I am professional in xyz and have more than n years of exp. Nice to meet ya!",2022-11-29 10:40:11,Tradesperson
Audrie Asals,aasals5c@elegantthemes.com,654-798-6152,Philippines,Malabonot,"Hi, I'm abc. My job is xyz. I am professional in xyz and have more than n years of exp. Nice to meet ya!",2023-06-02 16:31:35,Tradesperson
Leo Lovel,llovel5d@disqus.com,460-219-8793,Indonesia,Kaburon,"Hi, I'm abc. My job is xyz. I am professional in xyz and have more than n years of exp. Nice to meet ya!",2023-02-04 07:55:35,Tradesperson
Shayne Stirtle,sstirtle5e@domainmarket.com,976-836-7711,China,Guandu,"Hi, I'm abc. My job is xyz. I am professional in xyz and have more than n years of exp. Nice to meet ya!",2024-06-26 15:46:55,Tradesperson
Lion Canlin,lcanlin5f@redcross.org,916-229-6665,Indonesia,Tanahmerah,"Hi, I'm abc. My job is xyz. I am professional in xyz and have more than n years of exp. Nice to meet ya!",2023-06-27 07:45:07,Tradesperson
Noelyn Fanstone,nfanstone5g@army.mil,499-431-6883,Indonesia,Wuluhan,"Hi, I'm abc. My job is xyz. I am professional in xyz and have more than n years of exp. Nice to meet ya!",2022-10-24 13:47:50,Tradesperson
Giffie Lambdon,glambdon5h@google.ca,752-136-5398,Indonesia,Sumberrejo,"Hi, I'm abc. My job is xyz. I am professional in xyz and have more than n years of exp. Nice to meet ya!",2024-02-07 02:46:02,Tradesperson
Jeffry Jelleman,jjelleman5i@baidu.com,126-608-0332,China,Naji,"Hi, I'm abc. My job is xyz. I am professional in xyz and have more than n years of exp. Nice to meet ya!",2024-02-07 08:04:36,Tradesperson
Mommy Tessington,mtessington5j@vistaprint.com,845-473-9328,China,Longshan,"Hi, I'm abc. My job is xyz. I am professional in xyz and have more than n years of exp. Nice to meet ya!",2024-08-31 14:42:10,Tradesperson
Etan Daldan,edaldan5k@github.io,427-787-8376,China,Dongxiang,"Hi, I'm abc. My job is xyz. I am professional in xyz and have more than n years of exp. Nice to meet ya!",2023-04-30 05:47:20,Tradesperson
Verge Marguerite,vmarguerite5l@europa.eu,410-438-5059,Indonesia,Kanginan,"Hi, I'm abc. My job is xyz. I am professional in xyz and have more than n years of exp. Nice to meet ya!",2024-02-16 19:13:01,Tradesperson
Afton Blaine,ablaine5m@skype.com,556-968-5892,Australia,Sydney,"Hi, I'm abc. My job is xyz. I am professional in xyz and have more than n years of exp. Nice to meet ya!",2023-11-27 06:11:16,Tradesperson
Hashim Stockwell,hstockwell5n@soup.io,645-210-5914,China,Huatai,"Hi, I'm abc. My job is xyz. I am professional in xyz and have more than n years of exp. Nice to meet ya!",2023-09-14 06:23:19,Tradesperson
Ossie Fiander,ofiander5o@quantcast.com,984-166-8122,China,Anlu,"Hi, I'm abc. My job is xyz. I am professional in xyz and have more than n years of exp. Nice to meet ya!",2024-07-29 20:27:02,Tradesperson
Roarke Lambard,rlambard5p@studiopress.com,130-772-5738,Philippines,Veruela,"Hi, I'm abc. My job is xyz. I am professional in xyz and have more than n years of exp. Nice to meet ya!",2023-08-19 10:28:36,Tradesperson
Ruddy Hammel,rhammel5q@dailymail.co.uk,643-417-6970,China,Banpu,"Hi, I'm abc. My job is xyz. I am professional in xyz and have more than n years of exp. Nice to meet ya!",2024-04-16 14:11:37,Tradesperson
Wilek Tebbut,wtebbut5r@globo.com,143-414-7281,China,Huze,"Hi, I'm abc. My job is xyz. I am professional in xyz and have more than n years of exp. Nice to meet ya!",2024-09-02 10:13:14,Tradesperson
Faith Suddock,fsuddock5s@google.com.au,725-266-1460,Philippines,Malusac,"Hi, I'm abc. My job is xyz. I am professional in xyz and have more than n years of exp. Nice to meet ya!",2023-11-28 18:29:09,Tradesperson
Jeffy Mathonnet,jmathonnet5t@ucla.edu,338-111-5501,Indonesia,Bajo,"Hi, I'm abc. My job is xyz. I am professional in xyz and have more than n years of exp. Nice to meet ya!",2024-07-24 06:52:18,Tradesperson
Dela Pratty,dpratty5u@elpais.com,348-469-6439,Indonesia,Parumasan,"Hi, I'm abc. My job is xyz. I am professional in xyz and have more than n years of exp. Nice to meet ya!",2024-07-03 05:01:25,Tradesperson
Francene Gives,fgives5v@umich.edu,991-359-5311,Indonesia,Makale,"Hi, I'm abc. My job is xyz. I am professional in xyz and have more than n years of exp. Nice to meet ya!",2023-05-25 06:35:30,Tradesperson
Darryl Ellacombe,dellacombe5w@reuters.com,944-767-6200,Indonesia,Jongorsari,"Hi, I'm abc. My job is xyz. I am professional in xyz and have more than n years of exp. Nice to meet ya!",2024-04-09 11:09:52,Tradesperson
Mohandas Abrahamson,mabrahamson5x@stanford.edu,226-638-3227,Indonesia,Halat,"Hi, I'm abc. My job is xyz. I am professional in xyz and have more than n years of exp. Nice to meet ya!",2023-04-12 01:00:56,Tradesperson
Lanette Cordrey,lcordrey5y@wired.com,221-684-2705,Philippines,Daraitan,"Hi, I'm abc. My job is xyz. I am professional in xyz and have more than n years of exp. Nice to meet ya!",2023-09-19 20:59:23,Tradesperson
Cristin Armit,carmit5z@bloglovin.com,830-651-8843,Indonesia,Sungairaya,"Hi, I'm abc. My job is xyz. I am professional in xyz and have more than n years of exp. Nice to meet ya!",2023-07-15 06:22:38,Tradesperson
Nobie Sayre,nsayre60@ft.com,864-501-0077,Vietnam,Thị Trấn Na Sầm,"Hi, I'm abc. My job is xyz. I am professional in xyz and have more than n years of exp. Nice to meet ya!",2022-11-15 11:16:14,Tradesperson
Kristopher Turgoose,kturgoose61@google.cn,505-827-9111,China,Beishan,"Hi, I'm abc. My job is xyz. I am professional in xyz and have more than n years of exp. Nice to meet ya!",2024-06-05 14:35:47,Tradesperson
Galvan Twells,gtwells62@so-net.ne.jp,600-445-3242,Philippines,Gutalac,"Hi, I'm abc. My job is xyz. I am professional in xyz and have more than n years of exp. Nice to meet ya!",2023-05-20 03:21:55,Tradesperson
Thebault Waycott,twaycott63@japanpost.jp,273-786-0839,Philippines,Alae,"Hi, I'm abc. My job is xyz. I am professional in xyz and have more than n years of exp. Nice to meet ya!",2024-08-07 10:42:21,Tradesperson
Nev Leask,nleask64@usnews.com,384-149-8646,China,Huaqiao,"Hi, I'm abc. My job is xyz. I am professional in xyz and have more than n years of exp. Nice to meet ya!",2023-11-30 04:28:43,Tradesperson
Des Millom,dmillom65@army.mil,687-648-7676,China,Shuangkou,"Hi, I'm abc. My job is xyz. I am professional in xyz and have more than n years of exp. Nice to meet ya!",2024-09-17 22:24:48,Tradesperson
Hailee O' Mullan,ho66@taobao.com,968-163-8398,Thailand,Nakhon Pathom,"Hi, I'm abc. My job is xyz. I am professional in xyz and have more than n years of exp. Nice to meet ya!",2022-12-27 08:19:59,Tradesperson
Ariela Clucas,aclucas67@trellian.com,632-203-2808,China,Sanfang,"Hi, I'm abc. My job is xyz. I am professional in xyz and have more than n years of exp. Nice to meet ya!",2023-02-25 05:59:02,Tradesperson
Stanfield Harries,sharries68@nbcnews.com,691-462-3293,Philippines,Pag-asa,"Hi, I'm abc. My job is xyz. I am professional in xyz and have more than n years of exp. Nice to meet ya!",2023-08-21 20:35:41,Tradesperson
Danny Umfrey,dumfrey69@google.ru,180-130-5210,China,Yangcun,"Hi, I'm abc. My job is xyz. I am professional in xyz and have more than n years of exp. Nice to meet ya!",2022-11-25 23:47:58,Tradesperson
Barbi Keward,bkeward6a@studiopress.com,426-740-5429,China,Taishang,"Hi, I'm abc. My job is xyz. I am professional in xyz and have more than n years of exp. Nice to meet ya!",2023-07-10 18:26:05,Tradesperson
Cornelius Frankish,cfrankish6b@ask.com,453-201-3545,China,Dengfeng,"Hi, I'm abc. My job is xyz. I am professional in xyz and have more than n years of exp. Nice to meet ya!",2024-02-12 18:25:52,Tradesperson
Skye Imlock,simlock6c@shareasale.com,803-133-1701,China,Jiangnan,"Hi, I'm abc. My job is xyz. I am professional in xyz and have more than n years of exp. Nice to meet ya!",2024-07-06 12:18:43,Tradesperson
Elysee Jilliss,ejilliss6d@example.com,831-922-8650,China,Tangtou,"Hi, I'm abc. My job is xyz. I am professional in xyz and have more than n years of exp. Nice to meet ya!",2023-05-15 15:41:53,Tradesperson
Maye Shekle,mshekle6e@vimeo.com,806-186-5046,China,Xuanma,"Hi, I'm abc. My job is xyz. I am professional in xyz and have more than n years of exp. Nice to meet ya!",2023-02-09 21:42:25,Tradesperson
Herc Cran,hcran6f@samsung.com,351-716-6096,China,Shizikeng,"Hi, I'm abc. My job is xyz. I am professional in xyz and have more than n years of exp. Nice to meet ya!",2024-02-09 00:20:19,Tradesperson
Jeff Channer,jchanner6g@bravesites.com,633-849-5855,Philippines,Guihing Proper,"Hi, I'm abc. My job is xyz. I am professional in xyz and have more than n years of exp. Nice to meet ya!",2024-04-04 00:31:01,Supplier
Morry Picton,mpicton6h@webmd.com,953-371-0685,China,Gaide,"Hi, I'm abc. My job is xyz. I am professional in xyz and have more than n years of exp. Nice to meet ya!",2023-01-20 05:40:06,Tradesperson
Wilmer Growcock,wgrowcock6i@fema.gov,696-811-4012,China,Shiliting,"Hi, I'm abc. My job is xyz. I am professional in xyz and have more than n years of exp. Nice to meet ya!",2022-10-06 13:00:43,Tradesperson
Florence Snassell,fsnassell6j@weather.com,771-291-5760,China,Lianzhou,"Hi, I'm abc. My job is xyz. I am professional in xyz and have more than n years of exp. Nice to meet ya!",2024-08-19 03:14:32,Tradesperson
Boy Robet,brobet6k@theglobeandmail.com,474-183-1140,Vietnam,Vân Canh,"Hi, I'm abc. My job is xyz. I am professional in xyz and have more than n years of exp. Nice to meet ya!",2023-02-19 21:35:04,Tradesperson
Luce Brauninger,lbrauninger6l@deviantart.com,728-785-1479,China,Banjiang,"Hi, I'm abc. My job is xyz. I am professional in xyz and have more than n years of exp. Nice to meet ya!",2023-02-01 21:03:19,Tradesperson
Adda Colliard,acolliard6m@who.int,798-995-9586,Indonesia,Lawonda,"Hi, I'm abc. My job is xyz. I am professional in xyz and have more than n years of exp. Nice to meet ya!",2023-09-13 06:24:46,Supplier
Sib Goves,sgoves6n@google.cn,809-726-0387,Indonesia,Oepula,"Hi, I'm abc. My job is xyz. I am professional in xyz and have more than n years of exp. Nice to meet ya!",2023-02-15 07:52:40,Supplier
Skyler Scrivenor,sscrivenor6o@toplist.cz,932-305-8654,China,Youshan,"Hi, I'm abc. My job is xyz. I am professional in xyz and have more than n years of exp. Nice to meet ya!",2023-09-16 12:15:12,Supplier
Shaylah Grogan,sgrogan6p@purevolume.com,674-359-3064,Indonesia,Kedungsumurkrajan,"Hi, I'm abc. My job is xyz. I am professional in xyz and have more than n years of exp. Nice to meet ya!",2024-03-21 15:37:50,Supplier
Remy Meininger,rmeininger6q@jimdo.com,567-826-0229,China,Shangdongjie,"Hi, I'm abc. My job is xyz. I am professional in xyz and have more than n years of exp. Nice to meet ya!",2023-08-28 06:04:57,Supplier
Curtis O'Flaherty,coflaherty6r@instagram.com,522-263-3753,Indonesia,Ntonggu,"Hi, I'm abc. My job is xyz. I am professional in xyz and have more than n years of exp. Nice to meet ya!",2023-03-01 18:09:30,Supplier
Bellina Shirer,bshirer6s@ox.ac.uk,681-684-3468,China,Junxi,"Hi, I'm abc. My job is xyz. I am professional in xyz and have more than n years of exp. Nice to meet ya!",2023-04-06 01:13:33,Tradesperson
Sam Foan,sfoan6t@dot.gov,763-312-5795,Philippines,Calamba,"Hi, I'm abc. My job is xyz. I am professional in xyz and have more than n years of exp. Nice to meet ya!",2023-05-29 03:46:47,Tradesperson
Faulkner Gresty,fgresty6u@nba.com,621-666-8308,China,Baofeng,"Hi, I'm abc. My job is xyz. I am professional in xyz and have more than n years of exp. Nice to meet ya!",2023-03-18 08:58:22,Tradesperson
Pet Raisbeck,praisbeck6v@e-recht24.de,314-260-5312,China,Xiangqiao,"Hi, I'm abc. My job is xyz. I am professional in xyz and have more than n years of exp. Nice to meet ya!",2023-06-29 02:24:35,Tradesperson
Rutger Hasluck,rhasluck6w@weebly.com,274-373-3425,Indonesia,Bun Barat,"Hi, I'm abc. My job is xyz. I am professional in xyz and have more than n years of exp. Nice to meet ya!",2023-04-14 08:39:47,Tradesperson
Craig Corney,ccorney6x@guardian.co.uk,371-788-4075,Indonesia,Lewo,"Hi, I'm abc. My job is xyz. I am professional in xyz and have more than n years of exp. Nice to meet ya!",2023-06-06 04:51:01,Tradesperson
